,h2h,loser,round,score,surface,winner,start_date,tournament_link,tournament_name
0,H2H 2-3,Chris Evert,F,6-7 7-6 6-4,clay,Margaret Court,1973-05-21,https://matchstat.com/tennis/tournaments/w/FO%20-%20RG/1973,FO - RG
1,H2H 2-0,Francoise Durr,SF,6-1 6-0,clay,Chris Evert,1973-05-21,https://matchstat.com/tennis/tournaments/w/FO%20-%20RG/1973,FO - RG
2,H2H 5-2,Evonne Cawley,SF,6-3 7-6,clay,Margaret Court,1973-05-21,https://matchstat.com/tennis/tournaments/w/FO%20-%20RG/1973,FO - RG
3,H2H 3-0,Helga Masthoff,QF,6-3 6-3,clay,Chris Evert,1973-05-21,https://matchstat.com/tennis/tournaments/w/FO%20-%20RG/1973,FO - RG
4,H2H 1-0,Odile De Roubin,QF,6-0 1-6 6-1,clay,Francoise Durr,1973-05-21,https://matchstat.com/tennis/tournaments/w/FO%20-%20RG/1973,FO - RG
5,H2H 3-10,Martina Navratilova,QF,7-6 6-4,clay,Evonne Cawley,1973-05-21,https://matchstat.com/tennis/tournaments/w/FO%20-%20RG/1973,FO - RG
6,H2H 1-0,Katja Ebbinghaus,QF,6-2 6-3,clay,Margaret Court,1973-05-21,https://matchstat.com/tennis/tournaments/w/FO%20-%20RG/1973,FO - RG
7,H2H 3-0,Renata Tomanova,R16,6-2 6-3,clay,Chris Evert,1973-05-21,https://matchstat.com/tennis/tournaments/w/FO%20-%20RG/1973,FO - RG
8,H2H 1-0,Patricia Pretorius,R16,6-2 4-6 6-2,clay,Helga Masthoff,1973-05-21,https://matchstat.com/tennis/tournaments/w/FO%20-%20RG/1973,FO - RG
9,H2H 1-0,Virginia Wade,R16,1-6 6-2 6-3,clay,Odile De Roubin,1973-05-21,https://matchstat.com/tennis/tournaments/w/FO%20-%20RG/1973,FO - RG
10,H2H 2-0,Fiorella Bonicelli,R16,6-2 6-1,clay,Francoise Durr,1973-05-21,https://matchstat.com/tennis/tournaments/w/FO%20-%20RG/1973,FO - RG
11,H2H 1-0,Nancy Richey,R16,6-3 6-3,clay,Martina Navratilova,1973-05-21,https://matchstat.com/tennis/tournaments/w/FO%20-%20RG/1973,FO - RG
12,H2H 1-0,Nathalie Fuchs,R16,6-0 6-3,clay,Evonne Cawley,1973-05-21,https://matchstat.com/tennis/tournaments/w/FO%20-%20RG/1973,FO - RG
13,H2H 1-0,Patricia Bostrom,R16,6-2 6-3,clay,Katja Ebbinghaus,1973-05-21,https://matchstat.com/tennis/tournaments/w/FO%20-%20RG/1973,FO - RG
14,H2H 2-0,Betty Stove,R16,6-3 6-2,clay,Margaret Court,1973-05-21,https://matchstat.com/tennis/tournaments/w/FO%20-%20RG/1973,FO - RG
15,H2H 1-0,Hideko Goto,R32,6-0 6-1,clay,Chris Evert,1973-05-21,https://matchstat.com/tennis/tournaments/w/FO%20-%20RG/1973,FO - RG
16,H2H 1-0,Kazuko Sawamatsu,R32,3-6 6-1 7-5,clay,Renata Tomanova,1973-05-21,https://matchstat.com/tennis/tournaments/w/FO%20-%20RG/1973,FO - RG
17,H2H 2-0,Sharon Walsh-Pete,R32,6-3 3-6 6-0,clay,Helga Masthoff,1973-05-21,https://matchstat.com/tennis/tournaments/w/FO%20-%20RG/1973,FO - RG
18,H2H 1-0,Kristien Shaw,R32,6-2 6-4,clay,Patricia Pretorius,1973-05-21,https://matchstat.com/tennis/tournaments/w/FO%20-%20RG/1973,FO - RG
19,H2H 1-0,Vlasta Vopickova,R32,6-3 6-1,clay,Virginia Wade,1973-05-21,https://matchstat.com/tennis/tournaments/w/FO%20-%20RG/1973,FO - RG
20,H2H 1-0,Maria-Teresa Nasuelli,R32,6-2 1-6 6-2,clay,Odile De Roubin,1973-05-21,https://matchstat.com/tennis/tournaments/w/FO%20-%20RG/1973,FO - RG
21,H2H 1-0,Ingrid Bentzer,R32,6-2 6-2,clay,Francoise Durr,1973-05-21,https://matchstat.com/tennis/tournaments/w/FO%20-%20RG/1973,FO - RG
22,H2H 1-0,Janet Young,R32,6-3 6-2,clay,Fiorella Bonicelli,1973-05-21,https://matchstat.com/tennis/tournaments/w/FO%20-%20RG/1973,FO - RG
23,H2H 1-0,Raquel Giscafre,R32,7-5 6-4,clay,Martina Navratilova,1973-05-21,https://matchstat.com/tennis/tournaments/w/FO%20-%20RG/1973,FO - RG
24,H2H 2-0,Laura Rossouw,R32,6-3 5-7 7-5,clay,Nancy Richey,1973-05-21,https://matchstat.com/tennis/tournaments/w/FO%20-%20RG/1973,FO - RG
25,H2H 1-1,Laura Du Pont,R32,6-1 2-6 6-1,clay,Nathalie Fuchs,1973-05-21,https://matchstat.com/tennis/tournaments/w/FO%20-%20RG/1973,FO - RG
26,H2H 2-0,Olga Morozova,R32,6-3 6-3,clay,Evonne Cawley,1973-05-21,https://matchstat.com/tennis/tournaments/w/FO%20-%20RG/1973,FO - RG
27,H2H 1-2,Christina Sandberg,R32,5-7 7-5 6-2,clay,Katja Ebbinghaus,1973-05-21,https://matchstat.com/tennis/tournaments/w/FO%20-%20RG/1973,FO - RG
28,H2H 1-0,Jackie Fayter,R32,6-4 2-6 6-2,clay,Patricia Bostrom,1973-05-21,https://matchstat.com/tennis/tournaments/w/FO%20-%20RG/1973,FO - RG
29,H2H 1-0,Judith Gohn,R32,6-3 6-2,clay,Betty Stove,1973-05-21,https://matchstat.com/tennis/tournaments/w/FO%20-%20RG/1973,FO - RG
30,H2H 2-0,Patricia Gregg,R32,5-7 6-0 6-3,clay,Margaret Court,1973-05-21,https://matchstat.com/tennis/tournaments/w/FO%20-%20RG/1973,FO - RG
31,H2H 1-0,Marilyn Tesch,R64,6-1 6-0,clay,Chris Evert,1973-05-21,https://matchstat.com/tennis/tournaments/w/FO%20-%20RG/1973,FO - RG
32,H2H 1-0,Barbara Downs,R64,6-1 6-3,clay,Hideko Goto,1973-05-21,https://matchstat.com/tennis/tournaments/w/FO%20-%20RG/1973,FO - RG
33,H2H 1-1,Natasha Chmyreva,R64,6-4 6-3,clay,Renata Tomanova,1973-05-21,https://matchstat.com/tennis/tournaments/w/FO%20-%20RG/1973,FO - RG
34,H2H 2-0,Mona Guerrant,R64,6-3 6-1,clay,Kazuko Sawamatsu,1973-05-21,https://matchstat.com/tennis/tournaments/w/FO%20-%20RG/1973,FO - RG
35,H2H 1-0,Wendy Gilchrist,R64,6-4 6-2,clay,Helga Masthoff,1973-05-21,https://matchstat.com/tennis/tournaments/w/FO%20-%20RG/1973,FO - RG
36,H2H 1-0,Jeong-Soon Yang,R64,7-6 6-4,clay,Sharon Walsh-Pete,1973-05-21,https://matchstat.com/tennis/tournaments/w/FO%20-%20RG/1973,FO - RG
37,H2H 1-0,Helga Schultze,R64,5-7 6-4 6-2,clay,Patricia Pretorius,1973-05-21,https://matchstat.com/tennis/tournaments/w/FO%20-%20RG/1973,FO - RG
38,H2H 1-0,Eugenia Birioukova,R64,6-1 7-6,clay,Kristien Shaw,1973-05-21,https://matchstat.com/tennis/tournaments/w/FO%20-%20RG/1973,FO - RG
39,H2H 1-0,Judith Szorenyi,R64,6-1 6-3,clay,Virginia Wade,1973-05-21,https://matchstat.com/tennis/tournaments/w/FO%20-%20RG/1973,FO - RG
40,H2H 1-0,Patti Hogan,R64,6-0 6-4,clay,Vlasta Vopickova,1973-05-21,https://matchstat.com/tennis/tournaments/w/FO%20-%20RG/1973,FO - RG
41,H2H 1-0,Erzsebet Szell,R64,7-5 1-6 11-9,clay,Maria-Teresa Nasuelli,1973-05-21,https://matchstat.com/tennis/tournaments/w/FO%20-%20RG/1973,FO - RG
42,H2H 1-0,Mariana Simionescu,R64,6-4 6-3,clay,Odile De Roubin,1973-05-21,https://matchstat.com/tennis/tournaments/w/FO%20-%20RG/1973,FO - RG
43,H2H 1-0,Marie Pinterova,R64,6-2 6-2,clay,Francoise Durr,1973-05-21,https://matchstat.com/tennis/tournaments/w/FO%20-%20RG/1973,FO - RG
44,H2H 1-0,Lany Kaligis,R64,6-4 7-6,clay,Ingrid Bentzer,1973-05-21,https://matchstat.com/tennis/tournaments/w/FO%20-%20RG/1973,FO - RG
45,H2H 1-0,Carmen Ibarra,R64,6-2 6-1,clay,Fiorella Bonicelli,1973-05-21,https://matchstat.com/tennis/tournaments/w/FO%20-%20RG/1973,FO - RG
46,H2H 1-0,Heide Orth,R64,4-6 6-2 6-1,clay,Janet Young,1973-05-21,https://matchstat.com/tennis/tournaments/w/FO%20-%20RG/1973,FO - RG
47,H2H 1-0,Carmen Perea-Alcala,R64,6-4 6-2,clay,Raquel Giscafre,1973-05-21,https://matchstat.com/tennis/tournaments/w/FO%20-%20RG/1973,FO - RG
48,H2H 1-0,Miroslava Bendlova,R64,6-4 6-3,clay,Martina Navratilova,1973-05-21,https://matchstat.com/tennis/tournaments/w/FO%20-%20RG/1973,FO - RG
49,H2H 1-0,Daniela Porzio,R64,6-7 6-0 7-5,clay,Laura Rossouw,1973-05-21,https://matchstat.com/tennis/tournaments/w/FO%20-%20RG/1973,FO - RG
50,H2H 1-1,Wendy Turnbull,R64,6-1 6-2,clay,Nancy Richey,1973-05-21,https://matchstat.com/tennis/tournaments/w/FO%20-%20RG/1973,FO - RG
51,H2H 1-0,Virginia Ruzici,R64,6-3 3-6 10-8,clay,Nathalie Fuchs,1973-05-21,https://matchstat.com/tennis/tournaments/w/FO%20-%20RG/1973,FO - RG
52,H2H 2-1,Glynis Coles,R64,7-6 6-4,clay,Laura Du Pont,1973-05-21,https://matchstat.com/tennis/tournaments/w/FO%20-%20RG/1973,FO - RG
53,H2H 1-0,Isabel Fernandez-De Soto,R64,6-4 7-5,clay,Olga Morozova,1973-05-21,https://matchstat.com/tennis/tournaments/w/FO%20-%20RG/1973,FO - RG
54,H2H 3-0,Marijke Schaar,R64,6-2 6-2,clay,Evonne Cawley,1973-05-21,https://matchstat.com/tennis/tournaments/w/FO%20-%20RG/1973,FO - RG
55,H2H 1-0,Lita Sugiarto,R64,6-4 6-2,clay,Christina Sandberg,1973-05-21,https://matchstat.com/tennis/tournaments/w/FO%20-%20RG/1973,FO - RG
56,H2H 2-0,Florence Guedy,R64,6-3 6-3,clay,Katja Ebbinghaus,1973-05-21,https://matchstat.com/tennis/tournaments/w/FO%20-%20RG/1973,FO - RG
57,H2H 1-0,Alena Palmeova,R64,2-6 6-2 6-1,clay,Patricia Bostrom,1973-05-21,https://matchstat.com/tennis/tournaments/w/FO%20-%20RG/1973,FO - RG
58,H2H 1-0,Mimi Wikstedt,R64,4-6 6-4 6-2,clay,Jackie Fayter,1973-05-21,https://matchstat.com/tennis/tournaments/w/FO%20-%20RG/1973,FO - RG
59,H2H 1-0,Daniele Bouteleux,R64,7-5 6-3,clay,Betty Stove,1973-05-21,https://matchstat.com/tennis/tournaments/w/FO%20-%20RG/1973,FO - RG
60,H2H 1-0,Daphne Pattison,R64,6-4 6-4,clay,Judith Gohn,1973-05-21,https://matchstat.com/tennis/tournaments/w/FO%20-%20RG/1973,FO - RG
61,H2H 1-0,Rosy Darmon,R64,6-1 6-1,clay,Patricia Gregg,1973-05-21,https://matchstat.com/tennis/tournaments/w/FO%20-%20RG/1973,FO - RG
62,H2H 1-0,Pam Teeguarden,R64,6-1 6-2,clay,Margaret Court,1973-05-21,https://matchstat.com/tennis/tournaments/w/FO%20-%20RG/1973,FO - RG
63,,F Durr / B Stove,F,6-2 6-3,clay,M Court / V Wade,1973-05-21,https://matchstat.com/tennis/tournaments/w/FO%20-%20RG/1973,FO - RG
64,,C Evert / O Morozova,SF,6-3 6-4,clay,F Durr / B Stove,1973-05-21,https://matchstat.com/tennis/tournaments/w/FO%20-%20RG/1973,FO - RG
65,,E Birioukova / M Guerrant,SF,6-1 6-4,clay,M Court / V Wade,1973-05-21,https://matchstat.com/tennis/tournaments/w/FO%20-%20RG/1973,FO - RG
66,,M Navratilova / R Tomanova,QF,6-4 6-4,clay,F Durr / B Stove,1973-05-21,https://matchstat.com/tennis/tournaments/w/FO%20-%20RG/1973,FO - RG
67,,K Fukuoka / K Sawamatsu,QF,6-2 6-0,clay,C Evert / O Morozova,1973-05-21,https://matchstat.com/tennis/tournaments/w/FO%20-%20RG/1973,FO - RG
68,,K Ebbinghaus / H Masthoff,QF,6-7 6-1 6-3,clay,E Birioukova / M Guerrant,1973-05-21,https://matchstat.com/tennis/tournaments/w/FO%20-%20RG/1973,FO - RG
69,,F Bonicelli / I Fernandez-de Soto,QF,6-1 6-2,clay,M Court / V Wade,1973-05-21,https://matchstat.com/tennis/tournaments/w/FO%20-%20RG/1973,FO - RG
70,,W Gilchrist / P Pretorius,R16,2-6 6-3 6-3,clay,F Durr / B Stove,1973-05-21,https://matchstat.com/tennis/tournaments/w/FO%20-%20RG/1973,FO - RG
71,,R Darmon / M Simionescu,R16,7-5 7-5,clay,M Navratilova / R Tomanova,1973-05-21,https://matchstat.com/tennis/tournaments/w/FO%20-%20RG/1973,FO - RG
72,,M Rho / N Sato,R16,6-2 6-1,clay,C Evert / O Morozova,1973-05-21,https://matchstat.com/tennis/tournaments/w/FO%20-%20RG/1973,FO - RG
73,,C Doerner / L Du Pont,R16,6-1 6-3,clay,K Fukuoka / K Sawamatsu,1973-05-21,https://matchstat.com/tennis/tournaments/w/FO%20-%20RG/1973,FO - RG
74,,P Hogan / S Walsh-pete,R16,6-3 6-2,clay,E Birioukova / M Guerrant,1973-05-21,https://matchstat.com/tennis/tournaments/w/FO%20-%20RG/1973,FO - RG
75,,E Cawley / J Young,R16,3-6 6-3 8-6,clay,K Ebbinghaus / H Masthoff,1973-05-21,https://matchstat.com/tennis/tournaments/w/FO%20-%20RG/1973,FO - RG
76,,D Bouteleux / I Roget,R16,7-5 6-3,clay,F Bonicelli / I Fernandez-de Soto,1973-05-21,https://matchstat.com/tennis/tournaments/w/FO%20-%20RG/1973,FO - RG
77,,K Shaw / L Rossouw,R16,6-3 6-2,clay,M Court / V Wade,1973-05-21,https://matchstat.com/tennis/tournaments/w/FO%20-%20RG/1973,FO - RG
78,,C Chang / H Goto,R32,WO,clay,F Durr / B Stove,1973-05-21,https://matchstat.com/tennis/tournaments/w/FO%20-%20RG/1973,FO - RG
79,,I Bentzer / M Wikstedt,R32,7-6 7-6,clay,W Gilchrist / P Pretorius,1973-05-21,https://matchstat.com/tennis/tournaments/w/FO%20-%20RG/1973,FO - RG
80,,P Gregg / W Turnbull,R32,WO,clay,R Darmon / M Simionescu,1973-05-21,https://matchstat.com/tennis/tournaments/w/FO%20-%20RG/1973,FO - RG
81,,R Giscafre / E Weisenberger,R32,6-2 6-1,clay,M Navratilova / R Tomanova,1973-05-21,https://matchstat.com/tennis/tournaments/w/FO%20-%20RG/1973,FO - RG
82,,E Polgar / E Szell,R32,WO,clay,C Evert / O Morozova,1973-05-21,https://matchstat.com/tennis/tournaments/w/FO%20-%20RG/1973,FO - RG
83,,N Fuchs / M Pryde,R32,6-1 3-6 6-4,clay,M Rho / N Sato,1973-05-21,https://matchstat.com/tennis/tournaments/w/FO%20-%20RG/1973,FO - RG
84,,D Pattison / A Pinto-bravo,R32,6-4 6-7 6-2,clay,C Doerner / L Du Pont,1973-05-21,https://matchstat.com/tennis/tournaments/w/FO%20-%20RG/1973,FO - RG
85,,P Bostrom / S Stap,R32,4-6 6-2 7-5,clay,K Fukuoka / K Sawamatsu,1973-05-21,https://matchstat.com/tennis/tournaments/w/FO%20-%20RG/1973,FO - RG
86,,B Downs / P Teeguarden,R32,7-5 5-7 6-4,clay,E Birioukova / M Guerrant,1973-05-21,https://matchstat.com/tennis/tournaments/w/FO%20-%20RG/1973,FO - RG
87,,O De Roubin / F Guedy,R32,6-2 6-1,clay,P Hogan / S Walsh-pete,1973-05-21,https://matchstat.com/tennis/tournaments/w/FO%20-%20RG/1973,FO - RG
88,,J Gohn / V Ruzici,R32,6-3 6-0,clay,E Cawley / J Young,1973-05-21,https://matchstat.com/tennis/tournaments/w/FO%20-%20RG/1973,FO - RG
89,,D Beillan / F Thibault,R32,6-3 6-2,clay,K Ebbinghaus / H Masthoff,1973-05-21,https://matchstat.com/tennis/tournaments/w/FO%20-%20RG/1973,FO - RG
90,,A Menezes / S Urroz,R32,6-3 6-1,clay,D Bouteleux / I Roget,1973-05-21,https://matchstat.com/tennis/tournaments/w/FO%20-%20RG/1973,FO - RG
91,,M Bendlova / V Vopickova,R32,1-6 7-5 6-0,clay,F Bonicelli / I Fernandez-de Soto,1973-05-21,https://matchstat.com/tennis/tournaments/w/FO%20-%20RG/1973,FO - RG
92,,D Lee / J Yang,R32,6-1 6-3,clay,K Shaw / L Rossouw,1973-05-21,https://matchstat.com/tennis/tournaments/w/FO%20-%20RG/1973,FO - RG
93,,L Kaligis / L Sugiarto,R32,6-4 6-3,clay,M Court / V Wade,1973-05-21,https://matchstat.com/tennis/tournaments/w/FO%20-%20RG/1973,FO - RG
94,H2H 1-0,Miroslava Bendlova,FQ,6-3 4-3 Played and unfinished,clay,Daniele Bouteleux,1973-05-21,https://matchstat.com/tennis/tournaments/w/FO%20-%20RG/1973,FO - RG
95,H2H 1-0,Brigitte Simon-Glinel,FQ,6-4 3-6 6-2,clay,Daphne Pattison,1973-05-21,https://matchstat.com/tennis/tournaments/w/FO%20-%20RG/1973,FO - RG
96,H2H 1-0,Michele Mizen,FQ,6-3 6-0,clay,Patricia Bostrom,1973-05-21,https://matchstat.com/tennis/tournaments/w/FO%20-%20RG/1973,FO - RG
97,H2H 1-0,Anne-Marie Cassaigne,FQ,6-3 6-2,clay,Carmen Perea-Alcala,1973-05-21,https://matchstat.com/tennis/tournaments/w/FO%20-%20RG/1973,FO - RG
98,H2H 1-0,Hideko Goto,FQ,6-2 0-6 Played and unfinished,clay,Mimi Wikstedt,1973-05-21,https://matchstat.com/tennis/tournaments/w/FO%20-%20RG/1973,FO - RG
99,H2H 1-1,Florence Guedy,FQ,6-1 6-7 2-1 Played and unfinished,clay,Daniela Porzio,1973-05-21,https://matchstat.com/tennis/tournaments/w/FO%20-%20RG/1973,FO - RG
100,H2H 1-0,Soon-Oh Lee,FQ,6-1 0-6 6-1,clay,Rosy Darmon,1973-05-21,https://matchstat.com/tennis/tournaments/w/FO%20-%20RG/1973,FO - RG
101,H2H 1-0,Carmen Ibarra,FQ,6-3 4-6 6-3,clay,Joy Schwikert,1973-05-21,https://matchstat.com/tennis/tournaments/w/FO%20-%20RG/1973,FO - RG
102,H2H 0-0,Anne-Marie Rouchon,SFQ,WO,clay,Daniele Bouteleux,1973-05-21,https://matchstat.com/tennis/tournaments/w/FO%20-%20RG/1973,FO - RG
103,H2H 0-0,Christiane Sarrazin,SFQ,WO,clay,Miroslava Bendlova,1973-05-21,https://matchstat.com/tennis/tournaments/w/FO%20-%20RG/1973,FO - RG
104,H2H 1-0,Chantal Puget,SFQ,6-1 6-1,clay,Daphne Pattison,1973-05-21,https://matchstat.com/tennis/tournaments/w/FO%20-%20RG/1973,FO - RG
105,H2H 1-0,Kayoko Fukuoka,SFQ,7-5 0-6 6-4,clay,Brigitte Simon-Glinel,1973-05-21,https://matchstat.com/tennis/tournaments/w/FO%20-%20RG/1973,FO - RG
106,H2H 1-0,Elvira Weisenberger,SFQ,6-1 6-3,clay,Patricia Bostrom,1973-05-21,https://matchstat.com/tennis/tournaments/w/FO%20-%20RG/1973,FO - RG
107,H2H 1-0,Susanne Korpas,SFQ,7-5 6-3,clay,Michele Mizen,1973-05-21,https://matchstat.com/tennis/tournaments/w/FO%20-%20RG/1973,FO - RG
108,H2H 1-0,Monica Rho,SFQ,6-4 6-4,clay,Carmen Perea-Alcala,1973-05-21,https://matchstat.com/tennis/tournaments/w/FO%20-%20RG/1973,FO - RG
109,H2H 1-0,Ana-Maria Pinto-Bravo,SFQ,6-4 6-4,clay,Anne-Marie Cassaigne,1973-05-21,https://matchstat.com/tennis/tournaments/w/FO%20-%20RG/1973,FO - RG
110,H2H 1-0,Maria Hollingsworth,SFQ,6-0 6-1,clay,Mimi Wikstedt,1973-05-21,https://matchstat.com/tennis/tournaments/w/FO%20-%20RG/1973,FO - RG
111,H2H 1-0,Duk-Hee Lee,SFQ,6-2 4-6 6-1,clay,Hideko Goto,1973-05-21,https://matchstat.com/tennis/tournaments/w/FO%20-%20RG/1973,FO - RG
112,H2H 1-0,Monique Van Haver,SFQ,4-6 6-1 6-3,clay,Daniela Porzio,1973-05-21,https://matchstat.com/tennis/tournaments/w/FO%20-%20RG/1973,FO - RG
113,H2H 1-0,Andrea Menezes,SFQ,7-6 6-2,clay,Florence Guedy,1973-05-21,https://matchstat.com/tennis/tournaments/w/FO%20-%20RG/1973,FO - RG
114,H2H 1-0,Ines Roget,SFQ,6-3 6-2,clay,Rosy Darmon,1973-05-21,https://matchstat.com/tennis/tournaments/w/FO%20-%20RG/1973,FO - RG
115,H2H 1-0,Sylvie Rual,SFQ,6-4 6-7 6-2,clay,Soon-Oh Lee,1973-05-21,https://matchstat.com/tennis/tournaments/w/FO%20-%20RG/1973,FO - RG
116,H2H 1-0,Marilyn Pryde,SFQ,6-4 6-4,clay,Joy Schwikert,1973-05-21,https://matchstat.com/tennis/tournaments/w/FO%20-%20RG/1973,FO - RG
117,H2H 1-0,Maria-Teresa Salvidea-Diaz,SFQ,6-2 0-6 7-5,clay,Carmen Ibarra,1973-05-21,https://matchstat.com/tennis/tournaments/w/FO%20-%20RG/1973,FO - RG
118,H2H 1-0,Gina Diaz-Ponce,QFQ,6-3 7-6,clay,Elvira Weisenberger,1973-05-21,https://matchstat.com/tennis/tournaments/w/FO%20-%20RG/1973,FO - RG
119,H2H 1-0,Michelle Boulle,QFQ,7-5 6-1,clay,Susanne Korpas,1973-05-21,https://matchstat.com/tennis/tournaments/w/FO%20-%20RG/1973,FO - RG
120,H2H 1-0,Naoko Sato,QFQ,6-4 6-4,clay,Carmen Perea-Alcala,1973-05-21,https://matchstat.com/tennis/tournaments/w/FO%20-%20RG/1973,FO - RG
121,H2H 1-0,Dominique Beillan,QFQ,6-3 6-1,clay,Monica Rho,1973-05-21,https://matchstat.com/tennis/tournaments/w/FO%20-%20RG/1973,FO - RG
122,H2H 1-0,Mi-Ok Lee,QFQ,6-7 7-5 6-3,clay,Ana-Maria Pinto-Bravo,1973-05-21,https://matchstat.com/tennis/tournaments/w/FO%20-%20RG/1973,FO - RG
123,H2H 1-0,Nicole Bimes,QFQ,6-2 6-1,clay,Hideko Goto,1973-05-21,https://matchstat.com/tennis/tournaments/w/FO%20-%20RG/1973,FO - RG
124,H2H 1-0,Cynthia Doerner,QFQ,6-7 7-6 7-5,clay,Duk-Hee Lee,1973-05-21,https://matchstat.com/tennis/tournaments/w/FO%20-%20RG/1973,FO - RG
125,H2H 1-0,Jacqueline Le Boubennec,QFQ,6-0 6-3,clay,Daniela Porzio,1973-05-21,https://matchstat.com/tennis/tournaments/w/FO%20-%20RG/1973,FO - RG
126,H2H 1-0,Erzsebet Polgar,QFQ,6-1 6-2,clay,Rosy Darmon,1973-05-21,https://matchstat.com/tennis/tournaments/w/FO%20-%20RG/1973,FO - RG
127,H2H 1-0,Bunny Smith,QFQ,6-3 6-1,clay,Ines Roget,1973-05-21,https://matchstat.com/tennis/tournaments/w/FO%20-%20RG/1973,FO - RG
128,H2H 1-0,Evelyne Terras,QFQ,2-6 6-4 6-1,clay,Marilyn Pryde,1973-05-21,https://matchstat.com/tennis/tournaments/w/FO%20-%20RG/1973,FO - RG
129,H2H 1-0,Estela Benavides,QFQ,6-3 6-3,clay,Carmen Ibarra,1973-05-21,https://matchstat.com/tennis/tournaments/w/FO%20-%20RG/1973,FO - RG
130,H2H 1-0,J. Ray,QFQ,7-5 6-1,clay,Maria-Teresa Salvidea-Diaz,1973-05-21,https://matchstat.com/tennis/tournaments/w/FO%20-%20RG/1973,FO - RG
131,H2H 3-10,Chris Evert,F,6-0 7-5,grass,Billie Jean King,1973-06-25,https://matchstat.com/tennis/tournaments/w/Wimbledon/1973,Wimbledon
132,H2H 3-2,Margaret Court,SF,6-1 1-6 6-1,grass,Chris Evert,1973-06-25,https://matchstat.com/tennis/tournaments/w/Wimbledon/1973,Wimbledon
133,H2H 9-2,Evonne Cawley,SF,6-3 5-7 6-3,grass,Billie Jean King,1973-06-25,https://matchstat.com/tennis/tournaments/w/Wimbledon/1973,Wimbledon
134,H2H 2-0,Olga Morozova,QF,4-6 6-4 6-1,grass,Margaret Court,1973-06-25,https://matchstat.com/tennis/tournaments/w/Wimbledon/1973,Wimbledon
135,H2H 4-0,Rosie Casals,QF,6-2 4-6 6-2,grass,Chris Evert,1973-06-25,https://matchstat.com/tennis/tournaments/w/Wimbledon/1973,Wimbledon
136,H2H 11-1,Virginia Wade,QF,6-3 6-3,grass,Evonne Cawley,1973-06-25,https://matchstat.com/tennis/tournaments/w/Wimbledon/1973,Wimbledon
137,H2H 4-1,Kerry Reid,QF,9-8 8-6,grass,Billie Jean King,1973-06-25,https://matchstat.com/tennis/tournaments/w/Wimbledon/1973,Wimbledon
138,H2H 2-0,Glynis Coles,R16,6-1 6-4,grass,Margaret Court,1973-06-25,https://matchstat.com/tennis/tournaments/w/Wimbledon/1973,Wimbledon
139,H2H 1-0,Ingrid Bentzer,R16,7-5 6-1,grass,Olga Morozova,1973-06-25,https://matchstat.com/tennis/tournaments/w/Wimbledon/1973,Wimbledon
140,H2H 1-0,Janet Young,R16,6-3 3-6 8-6,grass,Chris Evert,1973-06-25,https://matchstat.com/tennis/tournaments/w/Wimbledon/1973,Wimbledon
141,H2H 2-2,Kristien Shaw,R16,6-3 6-3,grass,Rosie Casals,1973-06-25,https://matchstat.com/tennis/tournaments/w/Wimbledon/1973,Wimbledon
142,H2H 3-0,Francoise Durr,R16,4-6 6-3 7-5,grass,Virginia Wade,1973-06-25,https://matchstat.com/tennis/tournaments/w/Wimbledon/1973,Wimbledon
143,H2H 1-0,Patti Hogan,R16,6-0 6-1,grass,Evonne Cawley,1973-06-25,https://matchstat.com/tennis/tournaments/w/Wimbledon/1973,Wimbledon
144,H2H 1-0,Peggy Michel,R16,6-2 3-6 6-4,grass,Kerry Reid,1973-06-25,https://matchstat.com/tennis/tournaments/w/Wimbledon/1973,Wimbledon
145,H2H 1-0,Lesley Hunt,R16,6-4 5-7 6-0,grass,Billie Jean King,1973-06-25,https://matchstat.com/tennis/tournaments/w/Wimbledon/1973,Wimbledon
146,H2H 1-0,Kate Latham,R32,6-2 6-3,grass,Margaret Court,1973-06-25,https://matchstat.com/tennis/tournaments/w/Wimbledon/1973,Wimbledon
147,H2H 1-0,Penny Moor,R32,6-2 6-1,grass,Glynis Coles,1973-06-25,https://matchstat.com/tennis/tournaments/w/Wimbledon/1973,Wimbledon
148,H2H 1-0,Joyce Williams,R32,7-5 6-3,grass,Olga Morozova,1973-06-25,https://matchstat.com/tennis/tournaments/w/Wimbledon/1973,Wimbledon
149,H2H 1-0,Janet Wright,R32,6-1 4-6 6-3,grass,Ingrid Bentzer,1973-06-25,https://matchstat.com/tennis/tournaments/w/Wimbledon/1973,Wimbledon
150,H2H 4-0,Julie Heldman,R32,6-3 6-1,grass,Chris Evert,1973-06-25,https://matchstat.com/tennis/tournaments/w/Wimbledon/1973,Wimbledon
151,H2H 1-0,Lindsay Blachford,R32,7-5 4-6 6-0,grass,Janet Young,1973-06-25,https://matchstat.com/tennis/tournaments/w/Wimbledon/1973,Wimbledon
152,H2H 1-0,Tory-Ann Fretz,R32,7-5 7-5,grass,Rosie Casals,1973-06-25,https://matchstat.com/tennis/tournaments/w/Wimbledon/1973,Wimbledon
153,H2H 1-0,Valerie Ziegenfuss,R32,8-9 6-4 6-3,grass,Kristien Shaw,1973-06-25,https://matchstat.com/tennis/tournaments/w/Wimbledon/1973,Wimbledon
154,H2H 1-0,Marina Kroschina,R32,6-4 2-6 6-0,grass,Francoise Durr,1973-06-25,https://matchstat.com/tennis/tournaments/w/Wimbledon/1973,Wimbledon
155,H2H 5-0,Pam Teeguarden,R32,6-2 6-3,grass,Virginia Wade,1973-06-25,https://matchstat.com/tennis/tournaments/w/Wimbledon/1973,Wimbledon
156,H2H 1-0,Martina Navratilova,R32,6-4 6-4,grass,Patti Hogan,1973-06-25,https://matchstat.com/tennis/tournaments/w/Wimbledon/1973,Wimbledon
157,H2H 5-1,Wendy Turnbull,R32,6-4 6-1,grass,Evonne Cawley,1973-06-25,https://matchstat.com/tennis/tournaments/w/Wimbledon/1973,Wimbledon
158,H2H 2-0,Christina Sandberg,R32,6-1 6-0,grass,Peggy Michel,1973-06-25,https://matchstat.com/tennis/tournaments/w/Wimbledon/1973,Wimbledon
159,H2H 2-0,Patricia Walkden,R32,6-1 6-1,grass,Kerry Reid,1973-06-25,https://matchstat.com/tennis/tournaments/w/Wimbledon/1973,Wimbledon
160,H2H 1-0,Mona Guerrant,R32,6-2 6-3,grass,Lesley Hunt,1973-06-25,https://matchstat.com/tennis/tournaments/w/Wimbledon/1973,Wimbledon
161,H2H 1-0,Kerry Harris,R32,6-2 6-3,grass,Billie Jean King,1973-06-25,https://matchstat.com/tennis/tournaments/w/Wimbledon/1973,Wimbledon
162,H2H 4-0,Karen Krantzcke,R64,6-2 6-3,grass,Margaret Court,1973-06-25,https://matchstat.com/tennis/tournaments/w/Wimbledon/1973,Wimbledon
163,H2H 1-0,Marilyn Pryde,R64,6-1 6-1,grass,Kate Latham,1973-06-25,https://matchstat.com/tennis/tournaments/w/Wimbledon/1973,Wimbledon
164,H2H 1-0,Jackie Fayter,R64,6-3 6-3,grass,Glynis Coles,1973-06-25,https://matchstat.com/tennis/tournaments/w/Wimbledon/1973,Wimbledon
165,H2H 1-0,Lany Kaligis,R64,3-6 6-0 7-5,grass,Penny Moor,1973-06-25,https://matchstat.com/tennis/tournaments/w/Wimbledon/1973,Wimbledon
166,H2H 1-0,Patricia Gregg,R64,7-5 6-2,grass,Olga Morozova,1973-06-25,https://matchstat.com/tennis/tournaments/w/Wimbledon/1973,Wimbledon
167,H2H 1-0,Raquel Giscafre,R64,6-4 9-8,grass,Joyce Williams,1973-06-25,https://matchstat.com/tennis/tournaments/w/Wimbledon/1973,Wimbledon
168,H2H 1-0,Gertruida Walhof,R64,9-7 6-1,grass,Janet Wright,1973-06-25,https://matchstat.com/tennis/tournaments/w/Wimbledon/1973,Wimbledon
169,H2H 1-0,Lesley Charles,R64,6-4 6-2,grass,Ingrid Bentzer,1973-06-25,https://matchstat.com/tennis/tournaments/w/Wimbledon/1973,Wimbledon
170,H2H 1-0,Judith Gohn,R64,6-0 6-1,grass,Chris Evert,1973-06-25,https://matchstat.com/tennis/tournaments/w/Wimbledon/1973,Wimbledon
171,H2H 1-1,Marijke Schaar,R64,6-2 6-1,grass,Julie Heldman,1973-06-25,https://matchstat.com/tennis/tournaments/w/Wimbledon/1973,Wimbledon
172,H2H 1-0,Sue Barker,R64,3-6 6-4 6-3,grass,Lindsay Blachford,1973-06-25,https://matchstat.com/tennis/tournaments/w/Wimbledon/1973,Wimbledon
173,H2H 1-0,Marita Redondo,R64,6-3 6-1,grass,Janet Young,1973-06-25,https://matchstat.com/tennis/tournaments/w/Wimbledon/1973,Wimbledon
174,H2H 1-0,Sue Mappin,R64,6-3 6-4,grass,Rosie Casals,1973-06-25,https://matchstat.com/tennis/tournaments/w/Wimbledon/1973,Wimbledon
175,H2H 1-0,Vicky Berner,R64,6-4 6-3,grass,Tory-Ann Fretz,1973-06-25,https://matchstat.com/tennis/tournaments/w/Wimbledon/1973,Wimbledon
176,H2H 1-0,Lisa Fleming,R64,6-4 2-6 6-3,grass,Valerie Ziegenfuss,1973-06-25,https://matchstat.com/tennis/tournaments/w/Wimbledon/1973,Wimbledon
177,H2H 1-0,Linky Boshoff,R64,7-5 6-4,grass,Kristien Shaw,1973-06-25,https://matchstat.com/tennis/tournaments/w/Wimbledon/1973,Wimbledon
178,H2H 1-0,Vlasta Vopickova,R64,6-2 6-1,grass,Francoise Durr,1973-06-25,https://matchstat.com/tennis/tournaments/w/Wimbledon/1973,Wimbledon
179,H2H 1-0,Mimi Wikstedt,R64,3-6 6-0 6-2,grass,Marina Kroschina,1973-06-25,https://matchstat.com/tennis/tournaments/w/Wimbledon/1973,Wimbledon
180,H2H 2-0,Kazuko Sawamatsu,R64,5-7 7-5 7-5,grass,Pam Teeguarden,1973-06-25,https://matchstat.com/tennis/tournaments/w/Wimbledon/1973,Wimbledon
181,H2H 1-0,Patricia Bostrom,R64,7-5 6-2,grass,Virginia Wade,1973-06-25,https://matchstat.com/tennis/tournaments/w/Wimbledon/1973,Wimbledon
182,H2H 1-0,Nathalie Fuchs,R64,6-3 6-2,grass,Patti Hogan,1973-06-25,https://matchstat.com/tennis/tournaments/w/Wimbledon/1973,Wimbledon
183,H2H 6-0,Laura Du Pont,R64,8-6 6-4,grass,Martina Navratilova,1973-06-25,https://matchstat.com/tennis/tournaments/w/Wimbledon/1973,Wimbledon
184,H2H 1-0,Isabel Fernandez-De Soto,R64,6-3 6-3,grass,Wendy Turnbull,1973-06-25,https://matchstat.com/tennis/tournaments/w/Wimbledon/1973,Wimbledon
185,H2H 1-0,Jill Cooper,R64,6-3 6-1,grass,Evonne Cawley,1973-06-25,https://matchstat.com/tennis/tournaments/w/Wimbledon/1973,Wimbledon
186,H2H 1-0,Lindsey Beaven,R64,6-2 4-6 7-5,grass,Christina Sandberg,1973-06-25,https://matchstat.com/tennis/tournaments/w/Wimbledon/1973,Wimbledon
187,H2H 1-0,Sandy Stap,R64,6-4 6-4,grass,Peggy Michel,1973-06-25,https://matchstat.com/tennis/tournaments/w/Wimbledon/1973,Wimbledon
188,H2H 1-0,Wendy Overton,R64,6-2 5-7 6-2,grass,Patricia Walkden,1973-06-25,https://matchstat.com/tennis/tournaments/w/Wimbledon/1973,Wimbledon
189,H2H 4-0,Ilana Kloss,R64,6-1 6-4,grass,Kerry Reid,1973-06-25,https://matchstat.com/tennis/tournaments/w/Wimbledon/1973,Wimbledon
190,H2H 3-0,Wendy Gilchrist,R64,6-3 6-2,grass,Lesley Hunt,1973-06-25,https://matchstat.com/tennis/tournaments/w/Wimbledon/1973,Wimbledon
191,H2H 1-1,Ann Kiyomura,R64,1-6 6-2 6-4,grass,Mona Guerrant,1973-06-25,https://matchstat.com/tennis/tournaments/w/Wimbledon/1973,Wimbledon
192,H2H 1-0,Virginia Ruzici,R64,6-1 6-3,grass,Kerry Harris,1973-06-25,https://matchstat.com/tennis/tournaments/w/Wimbledon/1973,Wimbledon
193,H2H 1-0,Lucia Bassi,R64,6-0 6-2,grass,Billie Jean King,1973-06-25,https://matchstat.com/tennis/tournaments/w/Wimbledon/1973,Wimbledon
194,H2H 1-0,Fiorella Bonicelli,R128,6-3 6-3,grass,Chris Evert,1973-06-25,https://matchstat.com/tennis/tournaments/w/Wimbledon/1973,Wimbledon
195,H2H 1-0,Renata Tomanova,R128,6-4 6-0,grass,Judith Gohn,1973-06-25,https://matchstat.com/tennis/tournaments/w/Wimbledon/1973,Wimbledon
196,H2H 1-0,Winnie Shaw,R128,6-1 8-6,grass,Julie Heldman,1973-06-25,https://matchstat.com/tennis/tournaments/w/Wimbledon/1973,Wimbledon
197,H2H 1-0,Marie Pinterova,R128,6-3 6-3,grass,Marijke Schaar,1973-06-25,https://matchstat.com/tennis/tournaments/w/Wimbledon/1973,Wimbledon
198,H2H 1-0,Lita Sugiarto,R128,6-0 6-4,grass,Sue Barker,1973-06-25,https://matchstat.com/tennis/tournaments/w/Wimbledon/1973,Wimbledon
199,H2H 1-0,Shirley Brasher,R128,6-0 2-6 6-2,grass,Lindsay Blachford,1973-06-25,https://matchstat.com/tennis/tournaments/w/Wimbledon/1973,Wimbledon
200,H2H 1-1,Katja Ebbinghaus,R128,6-1 2-6 6-2,grass,Marita Redondo,1973-06-25,https://matchstat.com/tennis/tournaments/w/Wimbledon/1973,Wimbledon
201,H2H 1-1,Veronica Burton,R128,6-4 7-5,grass,Janet Young,1973-06-25,https://matchstat.com/tennis/tournaments/w/Wimbledon/1973,Wimbledon
202,H2H 1-0,Brenda Kirk,R128,6-0 6-1,grass,Rosie Casals,1973-06-25,https://matchstat.com/tennis/tournaments/w/Wimbledon/1973,Wimbledon
203,H2H 1-0,Laura Rossouw,R128,6-4 6-3,grass,Sue Mappin,1973-06-25,https://matchstat.com/tennis/tournaments/w/Wimbledon/1973,Wimbledon
204,H2H 1-0,Linda Mottram,R128,6-1 6-3,grass,Tory-Ann Fretz,1973-06-25,https://matchstat.com/tennis/tournaments/w/Wimbledon/1973,Wimbledon
205,H2H 1-0,Mariana Simionescu,R128,6-4 6-2,grass,Vicky Berner,1973-06-25,https://matchstat.com/tennis/tournaments/w/Wimbledon/1973,Wimbledon
206,H2H 1-1,Michele Gurdal,R128,6-2 8-9 6-3,grass,Valerie Ziegenfuss,1973-06-25,https://matchstat.com/tennis/tournaments/w/Wimbledon/1973,Wimbledon
207,H2H 1-0,Laurie Tenney,R128,6-0 8-6,grass,Lisa Fleming,1973-06-25,https://matchstat.com/tennis/tournaments/w/Wimbledon/1973,Wimbledon
208,H2H 1-0,Helen Gourlay,R128,6-1 6-3,grass,Kristien Shaw,1973-06-25,https://matchstat.com/tennis/tournaments/w/Wimbledon/1973,Wimbledon
209,H2H 1-0,Julie Anthony,R128,9-8 6-4,grass,Linky Boshoff,1973-06-25,https://matchstat.com/tennis/tournaments/w/Wimbledon/1973,Wimbledon
210,H2H 1-0,Clare Colman,R128,6-3 6-0,grass,Francoise Durr,1973-06-25,https://matchstat.com/tennis/tournaments/w/Wimbledon/1973,Wimbledon
211,H2H 1-0,Corinne Molesworth,R128,6-3 1-6 8-6,grass,Vlasta Vopickova,1973-06-25,https://matchstat.com/tennis/tournaments/w/Wimbledon/1973,Wimbledon
212,H2H 1-0,Judy Dixon,R128,6-3 6-4,grass,Marina Kroschina,1973-06-25,https://matchstat.com/tennis/tournaments/w/Wimbledon/1973,Wimbledon
213,H2H 1-0,Annette Coe,R128,6-0 8-9 9-7,grass,Mimi Wikstedt,1973-06-25,https://matchstat.com/tennis/tournaments/w/Wimbledon/1973,Wimbledon
214,H2H 1-0,Sonja Pachta,R128,6-2 6-2,grass,Kazuko Sawamatsu,1973-06-25,https://matchstat.com/tennis/tournaments/w/Wimbledon/1973,Wimbledon
215,H2H 1-0,Odile De Roubin,R128,6-4 6-2,grass,Pam Teeguarden,1973-06-25,https://matchstat.com/tennis/tournaments/w/Wimbledon/1973,Wimbledon
216,H2H 1-0,Kristy Pigeon,R128,6-3 7-5,grass,Patricia Bostrom,1973-06-25,https://matchstat.com/tennis/tournaments/w/Wimbledon/1973,Wimbledon
217,H2H 4-2,Dianne Balestrat,R128,3-6 6-2 6-1,grass,Virginia Wade,1973-06-25,https://matchstat.com/tennis/tournaments/w/Wimbledon/1973,Wimbledon
218,H2H 1-0,Linda Tuero,R128,1-6 6-3 6-2,grass,Nathalie Fuchs,1973-06-25,https://matchstat.com/tennis/tournaments/w/Wimbledon/1973,Wimbledon
219,H2H 1-0,Cynthia Doerner,R128,7-9 6-4 6-4,grass,Patti Hogan,1973-06-25,https://matchstat.com/tennis/tournaments/w/Wimbledon/1973,Wimbledon
220,H2H 1-0,Christine Janes,R128,6-1 6-4,grass,Martina Navratilova,1973-06-25,https://matchstat.com/tennis/tournaments/w/Wimbledon/1973,Wimbledon
221,H2H 1-0,Hideko Goto,R128,6-2 6-2,grass,Laura Du Pont,1973-06-25,https://matchstat.com/tennis/tournaments/w/Wimbledon/1973,Wimbledon
222,H2H 1-0,Sharon Walsh-Pete,R128,7-9 6-2 6-4,grass,Isabel Fernandez-De Soto,1973-06-25,https://matchstat.com/tennis/tournaments/w/Wimbledon/1973,Wimbledon
223,H2H 1-0,Janice Tindle,R128,4-6 6-1 6-4,grass,Wendy Turnbull,1973-06-25,https://matchstat.com/tennis/tournaments/w/Wimbledon/1973,Wimbledon
224,H2H 1-1,Barbara Downs,R128,6-0 6-4,grass,Jill Cooper,1973-06-25,https://matchstat.com/tennis/tournaments/w/Wimbledon/1973,Wimbledon
225,H2H 7-0,Betty Stove,R128,6-3 6-3,grass,Evonne Cawley,1973-06-25,https://matchstat.com/tennis/tournaments/w/Wimbledon/1973,Wimbledon
226,,F Durr / B Stove,F,6-1 4-6 7-5,grass,R Casals / B King,1973-06-25,https://matchstat.com/tennis/tournaments/w/Wimbledon/1973,Wimbledon
227,,E Cawley / J Young,SF,7-5 7-5,grass,R Casals / B King,1973-06-25,https://matchstat.com/tennis/tournaments/w/Wimbledon/1973,Wimbledon
228,,F Bonicelli / I Fernandez-de Soto,SF,7-5 8-6,grass,F Durr / B Stove,1973-06-25,https://matchstat.com/tennis/tournaments/w/Wimbledon/1973,Wimbledon
229,,J Anthony / M Guerrant,QF,6-4 6-3,grass,R Casals / B King,1973-06-25,https://matchstat.com/tennis/tournaments/w/Wimbledon/1973,Wimbledon
230,,W Shaw / J Williams,QF,6-3 6-1,grass,E Cawley / J Young,1973-06-25,https://matchstat.com/tennis/tournaments/w/Wimbledon/1973,Wimbledon
231,,C Doerner / L Du Pont,QF,6-3 6-1,grass,F Durr / B Stove,1973-06-25,https://matchstat.com/tennis/tournaments/w/Wimbledon/1973,Wimbledon
232,,M Court / L Hunt,QF,6-2 6-4,grass,F Bonicelli / I Fernandez-de Soto,1973-06-25,https://matchstat.com/tennis/tournaments/w/Wimbledon/1973,Wimbledon
233,,A Kiyomura / M Redondo,R16,6-2 6-0,grass,R Casals / B King,1973-06-25,https://matchstat.com/tennis/tournaments/w/Wimbledon/1973,Wimbledon
234,,B Kirk / P Walkden,R16,6-4 7-9 6-4,grass,J Anthony / M Guerrant,1973-06-25,https://matchstat.com/tennis/tournaments/w/Wimbledon/1973,Wimbledon
235,,O Morozova / V Wade,R16,9-7 6-4,grass,E Cawley / J Young,1973-06-25,https://matchstat.com/tennis/tournaments/w/Wimbledon/1973,Wimbledon
236,,K Ebbinghaus / G Walhof,R16,8-6 6-3,grass,W Shaw / J Williams,1973-06-25,https://matchstat.com/tennis/tournaments/w/Wimbledon/1973,Wimbledon
237,,W Gilchrist / C Martinez,R16,6-3 6-3,grass,C Doerner / L Du Pont,1973-06-25,https://matchstat.com/tennis/tournaments/w/Wimbledon/1973,Wimbledon
238,,J Fayter / P Michel,R16,7-5 6-0,grass,F Durr / B Stove,1973-06-25,https://matchstat.com/tennis/tournaments/w/Wimbledon/1973,Wimbledon
239,,V Berner / P Faulkner,R16,6-1 6-3,grass,F Bonicelli / I Fernandez-de Soto,1973-06-25,https://matchstat.com/tennis/tournaments/w/Wimbledon/1973,Wimbledon
240,,M Giorgi / D Porzio,R16,6-2 6-2,grass,M Court / L Hunt,1973-06-25,https://matchstat.com/tennis/tournaments/w/Wimbledon/1973,Wimbledon
241,,L Boshoff / I Kloss,R32,6-3 6-4,grass,R Casals / B King,1973-06-25,https://matchstat.com/tennis/tournaments/w/Wimbledon/1973,Wimbledon
242,,B Cuypers / K Latham,R32,7-5 4-6 6-3,grass,A Kiyomura / M Redondo,1973-06-25,https://matchstat.com/tennis/tournaments/w/Wimbledon/1973,Wimbledon
243,,L Kaligis / L Sugiarto,R32,6-4 5-7 6-4,grass,B Kirk / P Walkden,1973-06-25,https://matchstat.com/tennis/tournaments/w/Wimbledon/1973,Wimbledon
244,,K Shaw / L Rossouw,R32,6-1 6-2,grass,J Anthony / M Guerrant,1973-06-25,https://matchstat.com/tennis/tournaments/w/Wimbledon/1973,Wimbledon
245,,J Wright / P Teeguarden,R32,6-3 3-6 6-4,grass,O Morozova / V Wade,1973-06-25,https://matchstat.com/tennis/tournaments/w/Wimbledon/1973,Wimbledon
246,,P Hogan / S Walsh-pete,R32,6-3 6-3,grass,E Cawley / J Young,1973-06-25,https://matchstat.com/tennis/tournaments/w/Wimbledon/1973,Wimbledon
247,,L Charles / G Coles,R32,6-3 6-4,grass,K Ebbinghaus / G Walhof,1973-06-25,https://matchstat.com/tennis/tournaments/w/Wimbledon/1973,Wimbledon
248,,A Bakker / M Schaar,R32,9-7 6-0,grass,W Shaw / J Williams,1973-06-25,https://matchstat.com/tennis/tournaments/w/Wimbledon/1973,Wimbledon
249,,H Gourlay / C Janes,R32,7-5 6-3,grass,C Doerner / L Du Pont,1973-06-25,https://matchstat.com/tennis/tournaments/w/Wimbledon/1973,Wimbledon
250,,C Molesworth / P Moor,R32,6-4 6-4,grass,W Gilchrist / C Martinez,1973-06-25,https://matchstat.com/tennis/tournaments/w/Wimbledon/1973,Wimbledon
251,,K Harris / K Reid,R32,6-3 6-4,grass,J Fayter / P Michel,1973-06-25,https://matchstat.com/tennis/tournaments/w/Wimbledon/1973,Wimbledon
252,,T Fretz / J Heldman,R32,5-7 6-2 6-4,grass,F Durr / B Stove,1973-06-25,https://matchstat.com/tennis/tournaments/w/Wimbledon/1973,Wimbledon
253,,M Pinterova / V Vopickova,R32,6-2 6-1,grass,F Bonicelli / I Fernandez-de Soto,1973-06-25,https://matchstat.com/tennis/tournaments/w/Wimbledon/1973,Wimbledon
254,,L Bassi / L Pericoli,R32,6-4 5-7 6-0,grass,V Berner / P Faulkner,1973-06-25,https://matchstat.com/tennis/tournaments/w/Wimbledon/1973,Wimbledon
255,,S Mappin / W Slaughter,R32,4-6 6-2 7-5,grass,M Giorgi / D Porzio,1973-06-25,https://matchstat.com/tennis/tournaments/w/Wimbledon/1973,Wimbledon
256,,C Dorey / M Tesch,R32,6-1 6-2,grass,M Court / L Hunt,1973-06-25,https://matchstat.com/tennis/tournaments/w/Wimbledon/1973,Wimbledon
257,,C Evert / V Ziegenfuss,R64,2-6 6-2 6-4,grass,J Anthony / M Guerrant,1973-06-25,https://matchstat.com/tennis/tournaments/w/Wimbledon/1973,Wimbledon
258,,P Gregg / W Turnbull,R64,6-3 6-1,grass,O Morozova / V Wade,1973-06-25,https://matchstat.com/tennis/tournaments/w/Wimbledon/1973,Wimbledon
259,,N Eastburn / D Balestrat,R64,8-6 4-6 6-0,grass,J Wright / P Teeguarden,1973-06-25,https://matchstat.com/tennis/tournaments/w/Wimbledon/1973,Wimbledon
260,,A Estalella-manso / C Mandarino,R64,6-1 6-1,grass,P Hogan / S Walsh-pete,1973-06-25,https://matchstat.com/tennis/tournaments/w/Wimbledon/1973,Wimbledon
261,,K Krantzcke / W Overton,R64,6-4 2-6 6-2,grass,E Cawley / J Young,1973-06-25,https://matchstat.com/tennis/tournaments/w/Wimbledon/1973,Wimbledon
262,,M Gurdal / M Van Haver,R64,6-3 4-6 6-4,grass,L Charles / G Coles,1973-06-25,https://matchstat.com/tennis/tournaments/w/Wimbledon/1973,Wimbledon
263,,O De Roubin / F Guedy,R64,6-1 6-1,grass,K Ebbinghaus / G Walhof,1973-06-25,https://matchstat.com/tennis/tournaments/w/Wimbledon/1973,Wimbledon
264,,S Minford / L Tenney,R64,6-3 6-4,grass,A Bakker / M Schaar,1973-06-25,https://matchstat.com/tennis/tournaments/w/Wimbledon/1973,Wimbledon
265,,N Fuchs / M Pryde,R64,4-6 6-2 6-1,grass,W Shaw / J Williams,1973-06-25,https://matchstat.com/tennis/tournaments/w/Wimbledon/1973,Wimbledon
266,,I Bentzer / M Wikstedt,R64,5-7 6-3 6-3,grass,H Gourlay / C Janes,1973-06-25,https://matchstat.com/tennis/tournaments/w/Wimbledon/1973,Wimbledon
267,,L Beaven / S Brasher,R64,6-2 6-3,grass,C Doerner / L Du Pont,1973-06-25,https://matchstat.com/tennis/tournaments/w/Wimbledon/1973,Wimbledon
268,,L Blachford / V Burton,R64,6-3 6-4,grass,W Gilchrist / C Martinez,1973-06-25,https://matchstat.com/tennis/tournaments/w/Wimbledon/1973,Wimbledon
269,,C Sandberg / L Tuero,R64,WO,grass,C Molesworth / P Moor,1973-06-25,https://matchstat.com/tennis/tournaments/w/Wimbledon/1973,Wimbledon
270,,V Ruzici / M Simionescu,R64,6-2 6-0,grass,K Harris / K Reid,1973-06-25,https://matchstat.com/tennis/tournaments/w/Wimbledon/1973,Wimbledon
271,,M Christenson / J Dixon,R64,6-4 6-2,grass,J Fayter / P Michel,1973-06-25,https://matchstat.com/tennis/tournaments/w/Wimbledon/1973,Wimbledon
272,,M Navratilova / R Tomanova,R64,4-6 6-1 6-2,grass,T Fretz / J Heldman,1973-06-25,https://matchstat.com/tennis/tournaments/w/Wimbledon/1973,Wimbledon
273,,P Bostrom / S Stap,R64,6-1 6-3,grass,F Durr / B Stove,1973-06-25,https://matchstat.com/tennis/tournaments/w/Wimbledon/1973,Wimbledon
274,,K Fukuoka / K Sawamatsu,R64,6-4 4-6 6-1,grass,F Bonicelli / I Fernandez-de Soto,1973-06-25,https://matchstat.com/tennis/tournaments/w/Wimbledon/1973,Wimbledon
275,H2H 5-2,Evonne Cawley,F,7-6 5-7 6-2,grass,Margaret Court,1973-08-27,https://matchstat.com/tennis/tournaments/w/US%20Open/1973,US Open
276,H2H 1-0,Helga Masthoff,SF,6-1 4-6 6-4,grass,Evonne Cawley,1973-08-27,https://matchstat.com/tennis/tournaments/w/US%20Open/1973,US Open
277,H2H 2-3,Chris Evert,SF,7-5 2-6 6-2,grass,Margaret Court,1973-08-27,https://matchstat.com/tennis/tournaments/w/US%20Open/1973,US Open
278,H2H 1-0,Julie Heldman,QF,6-3 6-3,grass,Helga Masthoff,1973-08-27,https://matchstat.com/tennis/tournaments/w/US%20Open/1973,US Open
279,H2H 7-1,Kerry Reid,QF,6-3 7-5,grass,Evonne Cawley,1973-08-27,https://matchstat.com/tennis/tournaments/w/US%20Open/1973,US Open
280,H2H 4-0,Rosie Casals,QF,6-1 7-5,grass,Chris Evert,1973-08-27,https://matchstat.com/tennis/tournaments/w/US%20Open/1973,US Open
281,H2H 3-0,Virginia Wade,QF,7-6 7-6,grass,Margaret Court,1973-08-27,https://matchstat.com/tennis/tournaments/w/US%20Open/1973,US Open
282,H2H 1-1,Billie Jean King,R16,3-6 6-4 4-1 Retired,grass,Julie Heldman,1973-08-27,https://matchstat.com/tennis/tournaments/w/US%20Open/1973,US Open
283,H2H 1-0,Olga Morozova,R16,5-7 6-4 6-2,grass,Helga Masthoff,1973-08-27,https://matchstat.com/tennis/tournaments/w/US%20Open/1973,US Open
284,H2H 2-0,Jeanne Evert,R16,6-2 6-1,grass,Evonne Cawley,1973-08-27,https://matchstat.com/tennis/tournaments/w/US%20Open/1973,US Open
285,H2H 1-0,Isabel Fernandez-De Soto,R16,6-2 6-4,grass,Kerry Reid,1973-08-27,https://matchstat.com/tennis/tournaments/w/US%20Open/1973,US Open
286,H2H 2-2,Kristien Shaw,R16,6-3 6-3,grass,Rosie Casals,1973-08-27,https://matchstat.com/tennis/tournaments/w/US%20Open/1973,US Open
287,H2H 5-0,Julie Anthony,R16,6-4 6-4,grass,Chris Evert,1973-08-27,https://matchstat.com/tennis/tournaments/w/US%20Open/1973,US Open
288,H2H 2-0,Veronica Burton,R16,6-1 6-3,grass,Virginia Wade,1973-08-27,https://matchstat.com/tennis/tournaments/w/US%20Open/1973,US Open
289,H2H 1-0,Ilana Kloss,R16,6-1 6-4,grass,Margaret Court,1973-08-27,https://matchstat.com/tennis/tournaments/w/US%20Open/1973,US Open
290,H2H 3-0,Karen Krantzcke,R32,6-3 6-1,grass,Billie Jean King,1973-08-27,https://matchstat.com/tennis/tournaments/w/US%20Open/1973,US Open
291,H2H 1-0,Janice Metcalf,R32,6-7 7-6 6-3,grass,Julie Heldman,1973-08-27,https://matchstat.com/tennis/tournaments/w/US%20Open/1973,US Open
292,H2H 1-0,Sally Greer,R32,6-2 6-2,grass,Olga Morozova,1973-08-27,https://matchstat.com/tennis/tournaments/w/US%20Open/1973,US Open
293,H2H 1-1,Lesley Bowrey,R32,7-6 6-3,grass,Helga Masthoff,1973-08-27,https://matchstat.com/tennis/tournaments/w/US%20Open/1973,US Open
294,H2H 1-0,Robin Tenney,R32,6-0 6-3,grass,Evonne Cawley,1973-08-27,https://matchstat.com/tennis/tournaments/w/US%20Open/1973,US Open
295,H2H 3-0,Valerie Ziegenfuss,R32,6-3 6-2,grass,Jeanne Evert,1973-08-27,https://matchstat.com/tennis/tournaments/w/US%20Open/1973,US Open
296,H2H 2-0,Laura Rossouw,R32,6-4 6-3,grass,Kerry Reid,1973-08-27,https://matchstat.com/tennis/tournaments/w/US%20Open/1973,US Open
297,H2H 1-0,Laurie Fleming,R32,6-7 6-2 6-4,grass,Isabel Fernandez-De Soto,1973-08-27,https://matchstat.com/tennis/tournaments/w/US%20Open/1973,US Open
298,H2H 1-0,Nancy Richey,R32,6-4 6-3,grass,Kristien Shaw,1973-08-27,https://matchstat.com/tennis/tournaments/w/US%20Open/1973,US Open
299,H2H 1-0,Kazuko Sawamatsu,R32,3-6 6-1 6-2,grass,Rosie Casals,1973-08-27,https://matchstat.com/tennis/tournaments/w/US%20Open/1973,US Open
300,H2H 2-3,Betty Stove,R32,6-3 1-6 6-4,grass,Julie Anthony,1973-08-27,https://matchstat.com/tennis/tournaments/w/US%20Open/1973,US Open
301,H2H 5-0,Marita Redondo,R32,6-2 6-2,grass,Chris Evert,1973-08-27,https://matchstat.com/tennis/tournaments/w/US%20Open/1973,US Open
302,H2H 1-1,Janet Young,R32,6-2 6-3,grass,Veronica Burton,1973-08-27,https://matchstat.com/tennis/tournaments/w/US%20Open/1973,US Open
303,H2H 4-0,Lesley Hunt,R32,6-3 6-4,grass,Virginia Wade,1973-08-27,https://matchstat.com/tennis/tournaments/w/US%20Open/1973,US Open
304,H2H 1-0,Marcy O'keefe,R32,6-2 6-1,grass,Ilana Kloss,1973-08-27,https://matchstat.com/tennis/tournaments/w/US%20Open/1973,US Open
305,H2H 2-0,Cecilia Martinez,R32,6-0 6-1,grass,Margaret Court,1973-08-27,https://matchstat.com/tennis/tournaments/w/US%20Open/1973,US Open
306,H2H 1-0,Peggy Michel,R64,6-2 6-3,grass,Billie Jean King,1973-08-27,https://matchstat.com/tennis/tournaments/w/US%20Open/1973,US Open
307,H2H 1-0,Sharon Walsh-Pete,R64,6-2 6-2,grass,Karen Krantzcke,1973-08-27,https://matchstat.com/tennis/tournaments/w/US%20Open/1973,US Open
308,H2H 1-0,Kerry Harris,R64,5-7 6-1 6-4,grass,Janice Metcalf,1973-08-27,https://matchstat.com/tennis/tournaments/w/US%20Open/1973,US Open
309,H2H 2-0,Laurie Tenney,R64,6-1 6-4,grass,Julie Heldman,1973-08-27,https://matchstat.com/tennis/tournaments/w/US%20Open/1973,US Open
310,H2H 1-0,Sue Stap,R64,6-3 6-0,grass,Olga Morozova,1973-08-27,https://matchstat.com/tennis/tournaments/w/US%20Open/1973,US Open
311,H2H 1-0,Francoise Durr,R64,6-7 4-3 Retired,grass,Sally Greer,1973-08-27,https://matchstat.com/tennis/tournaments/w/US%20Open/1973,US Open
312,H2H 1-0,Patricia Bostrom,R64,6-4 6-1,grass,Lesley Bowrey,1973-08-27,https://matchstat.com/tennis/tournaments/w/US%20Open/1973,US Open
313,H2H 1-0,Marcie Harper,R64,6-4 6-1,grass,Helga Masthoff,1973-08-27,https://matchstat.com/tennis/tournaments/w/US%20Open/1973,US Open
314,H2H 1-0,Barbara Downs,R64,6-1 6-0,grass,Evonne Cawley,1973-08-27,https://matchstat.com/tennis/tournaments/w/US%20Open/1973,US Open
315,H2H 1-0,Mary Hamm,R64,1-6 6-3 6-3,grass,Robin Tenney,1973-08-27,https://matchstat.com/tennis/tournaments/w/US%20Open/1973,US Open
316,H2H 1-0,Tory-Ann Fretz,R64,6-3 6-2,grass,Valerie Ziegenfuss,1973-08-27,https://matchstat.com/tennis/tournaments/w/US%20Open/1973,US Open
317,H2H 1-0,Janet Haas,R64,6-2 6-2,grass,Jeanne Evert,1973-08-27,https://matchstat.com/tennis/tournaments/w/US%20Open/1973,US Open
318,H2H 2-0,Ann Kiyomura,R64,2-6 6-4 7-6,grass,Kerry Reid,1973-08-27,https://matchstat.com/tennis/tournaments/w/US%20Open/1973,US Open
319,H2H 2-0,Wendy Gilchrist,R64,2-6 7-5 6-3,grass,Laura Rossouw,1973-08-27,https://matchstat.com/tennis/tournaments/w/US%20Open/1973,US Open
320,H2H 1-0,Kathy Teacher,R64,6-3 3-6 7-6,grass,Isabel Fernandez-De Soto,1973-08-27,https://matchstat.com/tennis/tournaments/w/US%20Open/1973,US Open
321,H2H 1-0,Laura Du Pont,R64,6-4 6-2,grass,Laurie Fleming,1973-08-27,https://matchstat.com/tennis/tournaments/w/US%20Open/1973,US Open
322,H2H 1-0,Marina Kroschina,R64,7-6 6-2,grass,Kristien Shaw,1973-08-27,https://matchstat.com/tennis/tournaments/w/US%20Open/1973,US Open
323,H2H 2-1,Pam Teeguarden,R64,4-6 7-5 6-2,grass,Nancy Richey,1973-08-27,https://matchstat.com/tennis/tournaments/w/US%20Open/1973,US Open
324,H2H 1-0,Nancy Ornstein,R64,6-2 6-2,grass,Kazuko Sawamatsu,1973-08-27,https://matchstat.com/tennis/tournaments/w/US%20Open/1973,US Open
325,H2H 2-1,Kate Latham,R64,6-3 6-3,grass,Rosie Casals,1973-08-27,https://matchstat.com/tennis/tournaments/w/US%20Open/1973,US Open
326,H2H 1-0,Patti Hogan,R64,6-4 6-1,grass,Julie Anthony,1973-08-27,https://matchstat.com/tennis/tournaments/w/US%20Open/1973,US Open
327,H2H 4-1,Helen Gourlay,R64,6-0 6-4,grass,Betty Stove,1973-08-27,https://matchstat.com/tennis/tournaments/w/US%20Open/1973,US Open
328,H2H 2-0,Jackie Fayter,R64,6-2 6-2,grass,Marita Redondo,1973-08-27,https://matchstat.com/tennis/tournaments/w/US%20Open/1973,US Open
329,H2H 1-0,Rayni Fox,R64,6-3 6-3,grass,Chris Evert,1973-08-27,https://matchstat.com/tennis/tournaments/w/US%20Open/1973,US Open
330,H2H 1-1,Martina Navratilova,R64,5-7 6-1 6-3,grass,Veronica Burton,1973-08-27,https://matchstat.com/tennis/tournaments/w/US%20Open/1973,US Open
331,H2H 1-0,Susie Mehmedbasich,R64,7-5 6-7 6-1,grass,Janet Young,1973-08-27,https://matchstat.com/tennis/tournaments/w/US%20Open/1973,US Open
332,H2H 1-0,Patricia Shoolman,R64,7-6 6-1,grass,Lesley Hunt,1973-08-27,https://matchstat.com/tennis/tournaments/w/US%20Open/1973,US Open
333,H2H 2-0,Glynis Coles,R64,6-4 7-6,grass,Virginia Wade,1973-08-27,https://matchstat.com/tennis/tournaments/w/US%20Open/1973,US Open
334,H2H 1-0,Eugenia Birioukova,R64,6-4 6-3,grass,Ilana Kloss,1973-08-27,https://matchstat.com/tennis/tournaments/w/US%20Open/1973,US Open
335,H2H 1-0,Lindsey Beaven,R64,7-6 6-4,grass,Marcy O'keefe,1973-08-27,https://matchstat.com/tennis/tournaments/w/US%20Open/1973,US Open
336,H2H 1-0,Wendy Overton,R64,6-1 6-1,grass,Cecilia Martinez,1973-08-27,https://matchstat.com/tennis/tournaments/w/US%20Open/1973,US Open
337,H2H 1-0,Patricia Pretorius,R64,6-1 6-2,grass,Margaret Court,1973-08-27,https://matchstat.com/tennis/tournaments/w/US%20Open/1973,US Open
338,,R Casals / B King,F,3-6 6-3 7-5,grass,M Court / V Wade,1973-08-27,https://matchstat.com/tennis/tournaments/w/US%20Open/1973,US Open
339,,E Cawley / J Young,SF,6-0 6-4,grass,M Court / V Wade,1973-08-27,https://matchstat.com/tennis/tournaments/w/US%20Open/1973,US Open
340,,C Evert / O Morozova,SF,6-2 6-1,grass,R Casals / B King,1973-08-27,https://matchstat.com/tennis/tournaments/w/US%20Open/1973,US Open
341,,K Harris / K Reid,QF,7-6 6-3,grass,M Court / V Wade,1973-08-27,https://matchstat.com/tennis/tournaments/w/US%20Open/1973,US Open
342,,K Krantzcke / W Overton,QF,3-6 6-4 7-5,grass,E Cawley / J Young,1973-08-27,https://matchstat.com/tennis/tournaments/w/US%20Open/1973,US Open
343,,F Durr / B Stove,QF,7-5 5-7 6-1,grass,C Evert / O Morozova,1973-08-27,https://matchstat.com/tennis/tournaments/w/US%20Open/1973,US Open
344,,J Anthony / M Guerrant,QF,6-7 7-6 6-1,grass,R Casals / B King,1973-08-27,https://matchstat.com/tennis/tournaments/w/US%20Open/1973,US Open
345,,L Bowrey / C Graebner,R16,6-1 6-3,grass,M Court / V Wade,1973-08-27,https://matchstat.com/tennis/tournaments/w/US%20Open/1973,US Open
346,,H Gourlay / B Kirk,R16,6-2 6-2,grass,K Harris / K Reid,1973-08-27,https://matchstat.com/tennis/tournaments/w/US%20Open/1973,US Open
347,,A Kiyomura / M Redondo,R16,6-0 2-6 6-0,grass,E Cawley / J Young,1973-08-27,https://matchstat.com/tennis/tournaments/w/US%20Open/1973,US Open
348,,T Fretz / J Heldman,R16,6-4 6-2,grass,K Krantzcke / W Overton,1973-08-27,https://matchstat.com/tennis/tournaments/w/US%20Open/1973,US Open
349,,J Wright / P Teeguarden,R16,6-4 6-2,grass,C Evert / O Morozova,1973-08-27,https://matchstat.com/tennis/tournaments/w/US%20Open/1973,US Open
350,,K Fukuoka / K Sawamatsu,R16,6-3 6-3,grass,F Durr / B Stove,1973-08-27,https://matchstat.com/tennis/tournaments/w/US%20Open/1973,US Open
351,,P Michel / V Ziegenfuss,R16,6-2 7-6,grass,J Anthony / M Guerrant,1973-08-27,https://matchstat.com/tennis/tournaments/w/US%20Open/1973,US Open
352,,I Kloss / P Pretorius,R16,6-1 2-6 6-0,grass,R Casals / B King,1973-08-27,https://matchstat.com/tennis/tournaments/w/US%20Open/1973,US Open
353,,J Metcalf / J Stratton,R32,6-1 6-0,grass,M Court / V Wade,1973-08-27,https://matchstat.com/tennis/tournaments/w/US%20Open/1973,US Open
354,,C Doerner / D Pattison,R32,6-3 6-4,grass,L Bowrey / C Graebner,1973-08-27,https://matchstat.com/tennis/tournaments/w/US%20Open/1973,US Open
355,,J Evert / J Haas,R32,6-2 7-5,grass,K Harris / K Reid,1973-08-27,https://matchstat.com/tennis/tournaments/w/US%20Open/1973,US Open
356,,J Russell / L Tenney,R32,6-2 6-3,grass,H Gourlay / B Kirk,1973-08-27,https://matchstat.com/tennis/tournaments/w/US%20Open/1973,US Open
357,,E Birioukova / M Kroschina,R32,6-3 6-2,grass,E Cawley / J Young,1973-08-27,https://matchstat.com/tennis/tournaments/w/US%20Open/1973,US Open
358,,F Bonicelli / I Fernandez-de Soto,R32,7-6 6-3,grass,A Kiyomura / M Redondo,1973-08-27,https://matchstat.com/tennis/tournaments/w/US%20Open/1973,US Open
359,,P Hogan / S Walsh-pete,R32,7-5 7-6,grass,K Krantzcke / W Overton,1973-08-27,https://matchstat.com/tennis/tournaments/w/US%20Open/1973,US Open
360,,L Du Pont / K Shaw,R32,6-4 6-4,grass,T Fretz / J Heldman,1973-08-27,https://matchstat.com/tennis/tournaments/w/US%20Open/1973,US Open
361,,S Greer / L Thomas,R32,6-1 7-5,grass,J Wright / P Teeguarden,1973-08-27,https://matchstat.com/tennis/tournaments/w/US%20Open/1973,US Open
362,,K Kuykendall / L Rossouw,R32,6-3 6-2,grass,C Evert / O Morozova,1973-08-27,https://matchstat.com/tennis/tournaments/w/US%20Open/1973,US Open
363,,A Gibson / D Hard,R32,4-6 7-5 6-1,grass,K Fukuoka / K Sawamatsu,1973-08-27,https://matchstat.com/tennis/tournaments/w/US%20Open/1973,US Open
364,,M Harper / J Schwikert,R32,6-1 7-5,grass,F Durr / B Stove,1973-08-27,https://matchstat.com/tennis/tournaments/w/US%20Open/1973,US Open
365,,J Fayter / R Giscafre,R32,6-1 6-1,grass,J Anthony / M Guerrant,1973-08-27,https://matchstat.com/tennis/tournaments/w/US%20Open/1973,US Open
366,,C Fleming / L Fleming,R32,6-3 7-6,grass,P Michel / V Ziegenfuss,1973-08-27,https://matchstat.com/tennis/tournaments/w/US%20Open/1973,US Open
367,,L Charles / G Coles,R32,7-5 6-2,grass,I Kloss / P Pretorius,1973-08-27,https://matchstat.com/tennis/tournaments/w/US%20Open/1973,US Open
368,,L Hunt / M Navratilova,R32,7-5 6-0,grass,R Casals / B King,1973-08-27,https://matchstat.com/tennis/tournaments/w/US%20Open/1973,US Open
369,H2H 5-2,Evonne Cawley,F,6-4 7-5,grass,Margaret Court,1973-12-24,https://matchstat.com/tennis/tournaments/w/Australian%20Open/1973,Australian Open
370,H2H 5-0,Kerry Reid,SF,6-1 6-0,grass,Margaret Court,1973-12-24,https://matchstat.com/tennis/tournaments/w/Australian%20Open/1973,Australian Open
371,H2H 3-0,Kazuko Sawamatsu,SF,6-4 6-3,grass,Evonne Cawley,1973-12-24,https://matchstat.com/tennis/tournaments/w/Australian%20Open/1973,Australian Open
372,H2H 4-0,Karen Krantzcke,QF,6-4 6-3,grass,Margaret Court,1973-12-24,https://matchstat.com/tennis/tournaments/w/Australian%20Open/1973,Australian Open
373,H2H 4-1,Dianne Balestrat,QF,6-1 6-3,grass,Kerry Reid,1973-12-24,https://matchstat.com/tennis/tournaments/w/Australian%20Open/1973,Australian Open
374,H2H 1-0,Virginia Wade,QF,0-6 6-1 6-4,grass,Kazuko Sawamatsu,1973-12-24,https://matchstat.com/tennis/tournaments/w/Australian%20Open/1973,Australian Open
375,H2H 3-0,Kerry Harris,QF,6-4 6-3,grass,Evonne Cawley,1973-12-24,https://matchstat.com/tennis/tournaments/w/Australian%20Open/1973,Australian Open
376,H2H 1-0,Brenda Dart,R16,6-0 6-0,grass,Margaret Court,1973-12-24,https://matchstat.com/tennis/tournaments/w/Australian%20Open/1973,Australian Open
377,H2H 1-0,Eugenia Birioukova,R16,6-1 7-5,grass,Karen Krantzcke,1973-12-24,https://matchstat.com/tennis/tournaments/w/Australian%20Open/1973,Australian Open
378,H2H 7-11,Wendy Turnbull,R16,6-3 6-2,grass,Dianne Balestrat,1973-12-24,https://matchstat.com/tennis/tournaments/w/Australian%20Open/1973,Australian Open
379,H2H 1-0,Glynis Coles,R16,6-1 6-2,grass,Kerry Reid,1973-12-24,https://matchstat.com/tennis/tournaments/w/Australian%20Open/1973,Australian Open
380,H2H 2-0,Lesley Bowrey,R16,6-1 6-1,grass,Virginia Wade,1973-12-24,https://matchstat.com/tennis/tournaments/w/Australian%20Open/1973,Australian Open
381,H2H 2-0,Marilyn Tesch,R16,6-3 6-2,grass,Kazuko Sawamatsu,1973-12-24,https://matchstat.com/tennis/tournaments/w/Australian%20Open/1973,Australian Open
382,H2H 2-0,Barbara Hawcroft,R16,6-0 6-2,grass,Kerry Harris,1973-12-24,https://matchstat.com/tennis/tournaments/w/Australian%20Open/1973,Australian Open
383,H2H 1-0,Lesley Charles,R16,6-7 6-4 6-2,grass,Evonne Cawley,1973-12-24,https://matchstat.com/tennis/tournaments/w/Australian%20Open/1973,Australian Open
384,H2H 2-0,Nathalie Fuchs,R32,6-0 6-0,grass,Margaret Court,1973-12-24,https://matchstat.com/tennis/tournaments/w/Australian%20Open/1973,Australian Open
385,H2H 1-0,Kerry Ballard,R32,2-6 6-3 6-2,grass,Brenda Dart,1973-12-24,https://matchstat.com/tennis/tournaments/w/Australian%20Open/1973,Australian Open
386,H2H 1-0,Helen Worland,R32,6-0 6-1,grass,Eugenia Birioukova,1973-12-24,https://matchstat.com/tennis/tournaments/w/Australian%20Open/1973,Australian Open
387,H2H 1-0,Duk-Hee Lee,R32,6-3 7-5,grass,Karen Krantzcke,1973-12-24,https://matchstat.com/tennis/tournaments/w/Australian%20Open/1973,Australian Open
388,H2H 1-0,Patricia Gregg,R32,6-2 6-1,grass,Dianne Balestrat,1973-12-24,https://matchstat.com/tennis/tournaments/w/Australian%20Open/1973,Australian Open
389,H2H 0-0,Janet Young,R32,WO,grass,Wendy Turnbull,1973-12-24,https://matchstat.com/tennis/tournaments/w/Australian%20Open/1973,Australian Open
390,H2H 1-0,Moira Whitely,R32,6-2 6-1,grass,Glynis Coles,1973-12-24,https://matchstat.com/tennis/tournaments/w/Australian%20Open/1973,Australian Open
391,H2H 3-0,Cynthia Doerner,R32,6-4 6-2,grass,Kerry Reid,1973-12-24,https://matchstat.com/tennis/tournaments/w/Australian%20Open/1973,Australian Open
392,H2H 1-0,Christine Dorey,R32,6-0 6-0,grass,Virginia Wade,1973-12-24,https://matchstat.com/tennis/tournaments/w/Australian%20Open/1973,Australian Open
393,H2H 1-0,Marion Proisy,R32,6-1 6-2,grass,Lesley Bowrey,1973-12-24,https://matchstat.com/tennis/tournaments/w/Australian%20Open/1973,Australian Open
394,H2H 1-0,Maureen Pratt,R32,6-2 7-6,grass,Marilyn Tesch,1973-12-24,https://matchstat.com/tennis/tournaments/w/Australian%20Open/1973,Australian Open
395,H2H 1-0,Lindsay Blachford,R32,6-3 2-6 6-1,grass,Kazuko Sawamatsu,1973-12-24,https://matchstat.com/tennis/tournaments/w/Australian%20Open/1973,Australian Open
396,H2H 1-0,Monique Van Haver,R32,6-2 6-4,grass,Kerry Harris,1973-12-24,https://matchstat.com/tennis/tournaments/w/Australian%20Open/1973,Australian Open
397,H2H 1-0,Mandy Morgan,R32,6-1 1-6 6-2,grass,Barbara Hawcroft,1973-12-24,https://matchstat.com/tennis/tournaments/w/Australian%20Open/1973,Australian Open
398,H2H 2-0,Michele Gurdal,R32,3-6 6-3 6-2,grass,Lesley Charles,1973-12-24,https://matchstat.com/tennis/tournaments/w/Australian%20Open/1973,Australian Open
399,H2H 1-0,Jeong-Soon Yang,R32,6-3 6-1,grass,Evonne Cawley,1973-12-24,https://matchstat.com/tennis/tournaments/w/Australian%20Open/1973,Australian Open
400,H2H 1-0,Lynette Mansfield,R64,5-7 6-2 6-1,grass,Nathalie Fuchs,1973-12-24,https://matchstat.com/tennis/tournaments/w/Australian%20Open/1973,Australian Open
401,H2H 1-0,Kathy Walker,R64,6-4 6-3,grass,Brenda Dart,1973-12-24,https://matchstat.com/tennis/tournaments/w/Australian%20Open/1973,Australian Open
402,H2H 1-0,Diane James,R64,6-2 7-5,grass,Helen Worland,1973-12-24,https://matchstat.com/tennis/tournaments/w/Australian%20Open/1973,Australian Open
403,H2H 1-0,Pam Whytcross,R64,6-4 7-5,grass,Duk-Hee Lee,1973-12-24,https://matchstat.com/tennis/tournaments/w/Australian%20Open/1973,Australian Open
404,H2H 1-0,Helen Young,R64,6-1 6-2,grass,Dianne Balestrat,1973-12-24,https://matchstat.com/tennis/tournaments/w/Australian%20Open/1973,Australian Open
405,H2H 1-0,Kay Williams,R64,6-0 5-7 6-3,grass,Wendy Turnbull,1973-12-24,https://matchstat.com/tennis/tournaments/w/Australian%20Open/1973,Australian Open
406,H2H 1-0,Soon-Oh Lee,R64,6-4 6-4,grass,Moira Whitely,1973-12-24,https://matchstat.com/tennis/tournaments/w/Australian%20Open/1973,Australian Open
407,H2H 1-0,Leslie Walker,R64,6-2 6-1,grass,Cynthia Doerner,1973-12-24,https://matchstat.com/tennis/tournaments/w/Australian%20Open/1973,Australian Open
408,H2H 1-0,Kerry Wilkinson,R64,7-5 6-1,grass,Christine Dorey,1973-12-24,https://matchstat.com/tennis/tournaments/w/Australian%20Open/1973,Australian Open
409,H2H 1-0,Dorte Ekner,R64,6-4 6-4,grass,Marion Proisy,1973-12-24,https://matchstat.com/tennis/tournaments/w/Australian%20Open/1973,Australian Open
410,H2H 1-0,Joan Walker,R64,7-6 2-6 6-4,grass,Maureen Pratt,1973-12-24,https://matchstat.com/tennis/tournaments/w/Australian%20Open/1973,Australian Open
411,H2H 1-0,Sally Irvine,R64,7-6 6-3,grass,Lindsay Blachford,1973-12-24,https://matchstat.com/tennis/tournaments/w/Australian%20Open/1973,Australian Open
412,H2H 1-0,Kiyoko Nomura,R64,6-1 6-2,grass,Monique Van Haver,1973-12-24,https://matchstat.com/tennis/tournaments/w/Australian%20Open/1973,Australian Open
413,H2H 1-0,Janine Whyte,R64,6-3 6-1,grass,Mandy Morgan,1973-12-24,https://matchstat.com/tennis/tournaments/w/Australian%20Open/1973,Australian Open
414,H2H 1-0,Chris O'neil,R64,7-6 5-7 6-2,grass,Lesley Charles,1973-12-24,https://matchstat.com/tennis/tournaments/w/Australian%20Open/1973,Australian Open
415,H2H 1-0,Helen Crozier,R64,6-2 6-4,grass,Jeong-Soon Yang,1973-12-24,https://matchstat.com/tennis/tournaments/w/Australian%20Open/1973,Australian Open
416,,K Harris / K Reid,F,6-4 6-4,grass,M Court / V Wade,1973-12-24,https://matchstat.com/tennis/tournaments/w/Australian%20Open/1973,Australian Open
417,,C Doerner / S Irvine,SF,6-1 6-3,grass,M Court / V Wade,1973-12-24,https://matchstat.com/tennis/tournaments/w/Australian%20Open/1973,Australian Open
418,,E Cawley / J Young,SF,6-2 6-4,grass,K Harris / K Reid,1973-12-24,https://matchstat.com/tennis/tournaments/w/Australian%20Open/1973,Australian Open
419,,M Morgan / P Whytcross,QF,6-1 6-1,grass,M Court / V Wade,1973-12-24,https://matchstat.com/tennis/tournaments/w/Australian%20Open/1973,Australian Open
420,,E Birioukova / K Krantzcke,QF,6-4 6-1,grass,C Doerner / S Irvine,1973-12-24,https://matchstat.com/tennis/tournaments/w/Australian%20Open/1973,Australian Open
421,,P Gregg / W Turnbull,QF,6-1 6-1,grass,K Harris / K Reid,1973-12-24,https://matchstat.com/tennis/tournaments/w/Australian%20Open/1973,Australian Open
422,,L Charles / G Coles,QF,6-2 6-4,grass,E Cawley / J Young,1973-12-24,https://matchstat.com/tennis/tournaments/w/Australian%20Open/1973,Australian Open
423,,C Dorey / H Young,R16,6-3 6-1,grass,M Court / V Wade,1973-12-24,https://matchstat.com/tennis/tournaments/w/Australian%20Open/1973,Australian Open
424,,B Heavey / M Whitely,R16,WO,grass,M Morgan / P Whytcross,1973-12-24,https://matchstat.com/tennis/tournaments/w/Australian%20Open/1973,Australian Open
425,,K Wilkinson / K Williams,R16,6-0 6-2,grass,C Doerner / S Irvine,1973-12-24,https://matchstat.com/tennis/tournaments/w/Australian%20Open/1973,Australian Open
426,,K Ballard / M Tesch,R16,6-4 6-3,grass,E Birioukova / K Krantzcke,1973-12-24,https://matchstat.com/tennis/tournaments/w/Australian%20Open/1973,Australian Open
427,,M Arnott / S Arnott,R16,6-1 6-1,grass,K Harris / K Reid,1973-12-24,https://matchstat.com/tennis/tournaments/w/Australian%20Open/1973,Australian Open
428,,B Hawcroft / K Sawamatsu,R16,6-1 6-4,grass,P Gregg / W Turnbull,1973-12-24,https://matchstat.com/tennis/tournaments/w/Australian%20Open/1973,Australian Open
429,,D Ekner / N Fuchs,R16,6-4 6-3,grass,L Charles / G Coles,1973-12-24,https://matchstat.com/tennis/tournaments/w/Australian%20Open/1973,Australian Open
430,,M Gurdal / M Van Haver,R16,6-4 6-0,grass,E Cawley / J Young,1973-12-24,https://matchstat.com/tennis/tournaments/w/Australian%20Open/1973,Australian Open
431,,J Lin / P Southcombe,R32,6-0 6-0,grass,M Morgan / P Whytcross,1973-12-24,https://matchstat.com/tennis/tournaments/w/Australian%20Open/1973,Australian Open
432,,P Ahern / B Dale,R32,4-6 6-2 6-4,grass,K Wilkinson / K Williams,1973-12-24,https://matchstat.com/tennis/tournaments/w/Australian%20Open/1973,Australian Open
433,,L Blachford / M Proisy,R32,7-5 6-2,grass,K Ballard / M Tesch,1973-12-24,https://matchstat.com/tennis/tournaments/w/Australian%20Open/1973,Australian Open
434,,D James / L Mansfield,R32,6-2 6-3,grass,P Gregg / W Turnbull,1973-12-24,https://matchstat.com/tennis/tournaments/w/Australian%20Open/1973,Australian Open
435,,S Lee / J Yang,R32,6-2 6-3,grass,D Ekner / N Fuchs,1973-12-24,https://matchstat.com/tennis/tournaments/w/Australian%20Open/1973,Australian Open
436,,J Glynn / M Liddle,R32,6-2 6-2,grass,M Gurdal / M Van Haver,1973-12-24,https://matchstat.com/tennis/tournaments/w/Australian%20Open/1973,Australian Open
